<xml xmlns="https://developers.google.com/blockly/xml">
  <block type="s4d_login" id=")O7+PL3eS1Br}h;?X9N$" x="679" y="220">
    <value name="TOKEN">
      <block type="text" id="a7JxIIyK[Yr~TPL^-{W:">
        <field name="TEXT">MTEwMTEwOTIxODUyMzc1NDY1Ng.GmFadL.jXDCaETP1FbjUuvy5kLiUPJ9zIJeP3Hx0vE6k8</field>
      </block>
    </value>
  </block>
  <block type="s4d_on_message" id="Qx+aIDM=_,mj^tl$vGmW" x="579" y="321">
    <statement name="STATEMENTS">
      <block type="controls_if" id="Cr$f.P2*Nq2Dl}?D!r`(">
        <value name="IF0">
          <block type="logic_compare" id="oq-Tf{oSnv,],{N*FSF|">
            <field name="OP">EQ</field>
            <value name="A">
              <block type="s4d_message_content" id="pyFMNvR6J#o6Ky/UA~]f"></block>
            </value>
            <value name="B">
              <block type="text" id=";[??XKp36YJf2U}j2_}e">
                <field name="TEXT">!stock</field>
              </block>
            </value>
          </block>
        </value>
        <statement name="DO0">
          <block type="s4d_reply" id="wgo^7yFoMz,K{AaMl6L)">
            <value name="CONTENT">
              <block type="text" id="N-4C!JnJCe,s$75i%8Ce">
                <field name="TEXT">You must be an authorized user to use this command!</field>
              </block>
            </value>
          </block>
        </statement>
      </block>
    </statement>
  </block>
  <block type="s4d_on_message" id="T/}NLEzZ$M@TwJc8,Mp8" x="1249" y="319">
    <statement name="STATEMENTS">
      <block type="controls_if" id="ujzmK8vrbU-1klpnRFC!">
        <value name="IF0">
          <block type="logic_compare" id="R(d(Z9l;Wy@a*(C0#+3*">
            <field name="OP">EQ</field>
            <value name="A">
              <block type="s4d_message_content" id="t_0`48/V_@zB;rV#.ocS"></block>
            </value>
            <value name="B">
              <block type="text" id="$?tLW]hFrKudc@KhP|wi">
                <field name="TEXT">!boost</field>
              </block>
            </value>
          </block>
        </value>
        <statement name="DO0">
          <block type="s4d_reply" id="zx?XvhW{OyxOOi5YTq38">
            <value name="CONTENT">
              <block type="text" id="?_84ok!?s(njKiRG}4,H">
                <field name="TEXT">You must be an authorized user to use this command!</field>
              </block>
            </value>
          </block>
        </statement>
      </block>
    </statement>
  </block>
  <block type="s4d_on_message" id=":M(^EUOn;mUq6Gp=,Rs/" x="581" y="580">
    <statement name="STATEMENTS">
      <block type="controls_if" id="zF,Tp^m;mR(KZ:8skRlo">
        <value name="IF0">
          <block type="logic_compare" id="vGC1A}r=u*cz/LZ,@SQw">
            <field name="OP">EQ</field>
            <value name="A">
              <block type="s4d_message_content" id=")RntG5#S)-$oDQR6Ihh4"></block>
            </value>
            <value name="B">
              <block type="text" id="bY03?+Hb#:j~YNliE0Yu">
                <field name="TEXT">!gen</field>
              </block>
            </value>
          </block>
        </value>
        <statement name="DO0">
          <block type="s4d_reply" id="A.b@(dC8~@]81@EvOU==">
            <value name="CONTENT">
              <block type="text" id="fq(6VJwk@S]l@G/-rye7">
                <field name="TEXT">You must be an authorized user to use this command!</field>
              </block>
            </value>
          </block>
        </statement>
      </block>
    </statement>
  </block>
</xml>